[
{
"id_stacji": "12295",
"stacja": "Białystok",
"data_pomiaru": "2022-11-10",
"godzina_pomiaru": "10",
"temperatura": "7.9",
"predkosc_wiatru": "2",
"kierunek_wiatru": "220",
"wilgotnosc_wzgledna": "98.0",
"suma_opadu": "0",
"cisnienie": "1019.2"
},
{
"id_stacji": "12600",
"stacja": "Bielsko Biała",
"data_pomiaru": "2022-11-10",
"godzina_pomiaru": "10",
"temperatura": "10.4",
"predkosc_wiatru": "4",
"kierunek_wiatru": "230",
"wilgotnosc_wzgledna": "79.8",
"suma_opadu": "0",
"cisnienie": "1025"
},
{
"id_stacji": "12235",
"stacja": "Chojnice",
"data_pomiaru": "2022-11-10",
"godzina_pomiaru": "10",
"temperatura": "10.8",
"predkosc_wiatru": "6",
"kierunek_wiatru": "270",
"wilgotnosc_wzgledna": "81.5",
"suma_opadu": "1.2",
"cisnienie": "1019.5"
},
{
"id_stacji": "12550",
"stacja": "Częstochowa",
"data_pomiaru": "2022-11-10",
"godzina_pomiaru": "10",
"temperatura": "10.4",
"predkosc_wiatru": "2",
"kierunek_wiatru": "250",
"wilgotnosc_wzgledna": "86.7",
"suma_opadu": "0.5",
"cisnienie": "1023.8"
},
{
"id_stacji": "12160",
"stacja": "Elbląg",
"data_pomiaru": "2022-11-10",
"godzina_pomiaru": "10",
"temperatura": "9.1",
"predkosc_wiatru": "5",
"kierunek_wiatru": "240",
"wilgotnosc_wzgledna": "94.7",
"suma_opadu": "1.8",
"cisnienie": "1018"
},
{
"id_stacji": "12155",
"stacja": "Gdańsk",
"data_pomiaru": "2022-11-10",
"godzina_pomiaru": "10",
"temperatura": "12.7",
"predkosc_wiatru": "5",
"kierunek_wiatru": "260",
"wilgotnosc_wzgledna": "75.8",
"suma_opadu": "0.4",
"cisnienie": "1017.5"
},
{
"id_stacji": "12300",
"stacja": "Gorzów",
"data_pomiaru": "2022-11-10",
"godzina_pomiaru": "10",
"temperatura": "12",
"predkosc_wiatru": "5",
"kierunek_wiatru": "280",
"wilgotnosc_wzgledna": "73.7",
"suma_opadu": "1.3",
"cisnienie": "1022.2"
},
{
"id_stacji": "12135",
"stacja": "Hel",
"data_pomiaru": "2022-11-10",
"godzina_pomiaru": "10",
"temperatura": "11.8",
"predkosc_wiatru": "6",
"kierunek_wiatru": "260",
"wilgotnosc_wzgledna": "85.6",
"suma_opadu": "1.2",
"cisnienie": "1016.9"
},
{
"id_stacji": "12500",
"stacja": "Jelenia Góra",
"data_pomiaru": "2022-11-10",
"godzina_pomiaru": "10",
"temperatura": "11.4",
"predkosc_wiatru": "5",
"kierunek_wiatru": "300",
"wilgotnosc_wzgledna": "72.5",
"suma_opadu": "2.7",
"cisnienie": "1025"
},
{
"id_stacji": "12435",
"stacja": "Kalisz",
"data_pomiaru": "2022-11-10",
"godzina_pomiaru": "10",
"temperatura": "11.3",
"predkosc_wiatru": "6",
"kierunek_wiatru": "250",
"wilgotnosc_wzgledna": "89.1",
"suma_opadu": "0.9",
"cisnienie": "1022.7"
},
{
"id_stacji": "12650",
"stacja": "Kasprowy Wierch",
"data_pomiaru": "2022-11-10",
"godzina_pomiaru": "10",
"temperatura": "1.2",
"predkosc_wiatru": "2",
"kierunek_wiatru": "350",
"wilgotnosc_wzgledna": "97.1",
"suma_opadu": "0",
"cisnienie": null
},
{
"id_stacji": "12560",
"stacja": "Katowice",
"data_pomiaru": "2022-11-10",
"godzina_pomiaru": "9",
"temperatura": "9.3",
"predkosc_wiatru": "3",
"kierunek_wiatru": "220",
"wilgotnosc_wzgledna": "94.7",
"suma_opadu": "0.01",
"cisnienie": "1024.1"
},
{
"id_stacji": "12185",
"stacja": "Kętrzyn",
"data_pomiaru": "2022-11-10",
"godzina_pomiaru": "10",
"temperatura": "10.7",
"predkosc_wiatru": "4",
"kierunek_wiatru": "260",
"wilgotnosc_wzgledna": "86.1",
"suma_opadu": "0.9",
"cisnienie": "1017.4"
},
{
"id_stacji": "12570",
"stacja": "Kielce",
"data_pomiaru": "2022-11-10",
"godzina_pomiaru": "10",
"temperatura": "6.8",
"predkosc_wiatru": "0",
"kierunek_wiatru": "0",
"wilgotnosc_wzgledna": "97.9",
"suma_opadu": "0",
"cisnienie": "1023.6"
},
{
"id_stacji": "12520",
"stacja": "Kłodzko",
"data_pomiaru": "2022-11-10",
"godzina_pomiaru": "10",
"temperatura": "11",
"predkosc_wiatru": "4",
"kierunek_wiatru": "270",
"wilgotnosc_wzgledna": "82.7",
"suma_opadu": "0.3",
"cisnienie": "1025.6"
},
{
"id_stacji": "12345",
"stacja": "Koło",
"data_pomiaru": "2022-11-10",
"godzina_pomiaru": "9",
"temperatura": "10.9",
"predkosc_wiatru": "5",
"kierunek_wiatru": "250",
"wilgotnosc_wzgledna": "89.1",
"suma_opadu": "0.9",
"cisnienie": "1020.8"
},
{
"id_stacji": "12100",
"stacja": "Kołobrzeg",
"data_pomiaru": "2022-11-10",
"godzina_pomiaru": "10",
"temperatura": "11.5",
"predkosc_wiatru": "6",
"kierunek_wiatru": "260",
"wilgotnosc_wzgledna": "81.0",
"suma_opadu": "0.2",
"cisnienie": "1019.4"
},
{
"id_stacji": "12105",
"stacja": "Koszalin",
"data_pomiaru": "2022-11-10",
"godzina_pomiaru": "10",
"temperatura": "11.2",
"predkosc_wiatru": "4",
"kierunek_wiatru": "260",
"wilgotnosc_wzgledna": "83.8",
"suma_opadu": "0.4",
"cisnienie": "1019.3"
},
{
"id_stacji": "12488",
"stacja": "Kozienice",
"data_pomiaru": "2022-11-10",
"godzina_pomiaru": "10",
"temperatura": "9.6",
"predkosc_wiatru": "3",
"kierunek_wiatru": "260",
"wilgotnosc_wzgledna": "96.0",
"suma_opadu": "0",
"cisnienie": "1021.5"
},
{
"id_stacji": "12566",
"stacja": "Kraków",
"data_pomiaru": "2022-11-10",
"godzina_pomiaru": "10",
"temperatura": "9.6",
"predkosc_wiatru": "4",
"kierunek_wiatru": "220",
"wilgotnosc_wzgledna": "92.8",
"suma_opadu": "0",
"cisnienie": "1024.7"
},
{
"id_stacji": "12670",
"stacja": "Krosno",
"data_pomiaru": "2022-11-10",
"godzina_pomiaru": "10",
"temperatura": "8.2",
"predkosc_wiatru": "1",
"kierunek_wiatru": "330",
"wilgotnosc_wzgledna": "94.0",
"suma_opadu": "0",
"cisnienie": "1024.2"
},
{
"id_stacji": "12415",
"stacja": "Legnica",
"data_pomiaru": "2022-11-10",
"godzina_pomiaru": "10",
"temperatura": "13.1",
"predkosc_wiatru": "6",
"kierunek_wiatru": "270",
"wilgotnosc_wzgledna": "70.9",
"suma_opadu": "1.8",
"cisnienie": "1024.2"
},
{
"id_stacji": "12690",
"stacja": "Lesko",
"data_pomiaru": "2022-11-10",
"godzina_pomiaru": "10",
"temperatura": "11",
"predkosc_wiatru": "3",
"kierunek_wiatru": "250",
"wilgotnosc_wzgledna": "73.5",
"suma_opadu": "0",
"cisnienie": "1023.7"
},
{
"id_stacji": "12418",
"stacja": "Leszno",
"data_pomiaru": "2022-11-10",
"godzina_pomiaru": "9",
"temperatura": "11",
"predkosc_wiatru": "4",
"kierunek_wiatru": "250",
"wilgotnosc_wzgledna": "85.5",
"suma_opadu": "0.7",
"cisnienie": "1022.5"
},
{
"id_stacji": "12125",
"stacja": "Lębork",
"data_pomiaru": "2022-11-10",
"godzina_pomiaru": "10",
"temperatura": "10.6",
"predkosc_wiatru": "4",
"kierunek_wiatru": "250",
"wilgotnosc_wzgledna": "94.7",
"suma_opadu": "0.3",
"cisnienie": "1017.3"
},
{
"id_stacji": "12495",
"stacja": "Lublin",
"data_pomiaru": "2022-11-10",
"godzina_pomiaru": "10",
"temperatura": "7.9",
"predkosc_wiatru": "3",
"kierunek_wiatru": "270",
"wilgotnosc_wzgledna": "97.3",
"suma_opadu": "0",
"cisnienie": "1022.1"
},
{
"id_stacji": "12120",
"stacja": "Łeba",
"data_pomiaru": "2022-11-10",
"godzina_pomiaru": "10",
"temperatura": "12.1",
"predkosc_wiatru": "8",
"kierunek_wiatru": "270",
"wilgotnosc_wzgledna": "88.6",
"suma_opadu": "0.3",
"cisnienie": "1017.1"
},
{
"id_stacji": "12465",
"stacja": "Łódź",
"data_pomiaru": "2022-11-10",
"godzina_pomiaru": "10",
"temperatura": "10.7",
"predkosc_wiatru": "5",
"kierunek_wiatru": "260",
"wilgotnosc_wzgledna": "92.8",
"suma_opadu": "1.3",
"cisnienie": "1022.3"
},
{
"id_stacji": "12280",
"stacja": "Mikołajki",
"data_pomiaru": "2022-11-10",
"godzina_pomiaru": "10",
"temperatura": "9.6",
"predkosc_wiatru": "3",
"kierunek_wiatru": "220",
"wilgotnosc_wzgledna": "96.0",
"suma_opadu": "1.5",
"cisnienie": "1018.1"
},
{
"id_stacji": "12270",
"stacja": "Mława",
"data_pomiaru": "2022-11-10",
"godzina_pomiaru": "10",
"temperatura": "10",
"predkosc_wiatru": "4",
"kierunek_wiatru": "250",
"wilgotnosc_wzgledna": "94.1",
"suma_opadu": "1.4",
"cisnienie": "1019.5"
},
{
"id_stacji": "12660",
"stacja": "Nowy Sącz",
"data_pomiaru": "2022-11-10",
"godzina_pomiaru": "10",
"temperatura": "7.4",
"predkosc_wiatru": "1",
"kierunek_wiatru": "320",
"wilgotnosc_wzgledna": "93.9",
"suma_opadu": "0",
"cisnienie": "1025"
},
{
"id_stacji": "12272",
"stacja": "Olsztyn",
"data_pomiaru": "2022-11-10",
"godzina_pomiaru": "10",
"temperatura": "10.7",
"predkosc_wiatru": "4",
"kierunek_wiatru": "250",
"wilgotnosc_wzgledna": "82.1",
"suma_opadu": "0.2",
"cisnienie": "1018.3"
},
{
"id_stacji": "12530",
"stacja": "Opole",
"data_pomiaru": "2022-11-10",
"godzina_pomiaru": "10",
"temperatura": "11.8",
"predkosc_wiatru": "3",
"kierunek_wiatru": "270",
"wilgotnosc_wzgledna": "80.5",
"suma_opadu": "0.4",
"cisnienie": "1024.5"
},
{
"id_stacji": "12285",
"stacja": "Ostrołęka",
"data_pomiaru": "2022-11-10",
"godzina_pomiaru": "10",
"temperatura": "9.6",
"predkosc_wiatru": "3",
"kierunek_wiatru": "99",
"wilgotnosc_wzgledna": "96.0",
"suma_opadu": "3.6",
"cisnienie": "1019.4"
},
{
"id_stacji": "12230",
"stacja": "Piła",
"data_pomiaru": "2022-11-10",
"godzina_pomiaru": "10",
"temperatura": "11.9",
"predkosc_wiatru": "5",
"kierunek_wiatru": "270",
"wilgotnosc_wzgledna": "77.8",
"suma_opadu": "0.7",
"cisnienie": "1020.8"
},
{
"id_stacji": "12001",
"stacja": "Platforma",
"data_pomiaru": "2022-11-10",
"godzina_pomiaru": "10",
"temperatura": "11.6",
"predkosc_wiatru": "13",
"kierunek_wiatru": "270",
"wilgotnosc_wzgledna": "85.0",
"suma_opadu": "0",
"cisnienie": "1014.9"
},
{
"id_stacji": "12360",
"stacja": "Płock",
"data_pomiaru": "2022-11-10",
"godzina_pomiaru": "10",
"temperatura": "11",
"predkosc_wiatru": "5",
"kierunek_wiatru": "280",
"wilgotnosc_wzgledna": "86.7",
"suma_opadu": "0.6",
"cisnienie": "1020.5"
},
{
"id_stacji": "12330",
"stacja": "Poznań",
"data_pomiaru": "2022-11-10",
"godzina_pomiaru": "10",
"temperatura": "12.3",
"predkosc_wiatru": "5",
"kierunek_wiatru": "260",
"wilgotnosc_wzgledna": "77.9",
"suma_opadu": "0.1",
"cisnienie": "1022.1"
},
{
"id_stacji": "12695",
"stacja": "Przemyśl",
"data_pomiaru": "2022-11-10",
"godzina_pomiaru": "10",
"temperatura": "11.7",
"predkosc_wiatru": "3",
"kierunek_wiatru": "99",
"wilgotnosc_wzgledna": "71.1",
"suma_opadu": "0",
"cisnienie": "1023.1"
},
{
"id_stacji": "12540",
"stacja": "Racibórz",
"data_pomiaru": "2022-11-10",
"godzina_pomiaru": "10",
"temperatura": "10.8",
"predkosc_wiatru": "2",
"kierunek_wiatru": "220",
"wilgotnosc_wzgledna": "87.9",
"suma_opadu": "0.7",
"cisnienie": "1025.1"
},
{
"id_stacji": "12210",
"stacja": "Resko",
"data_pomiaru": "2022-11-10",
"godzina_pomiaru": "10",
"temperatura": "11.5",
"predkosc_wiatru": "6",
"kierunek_wiatru": "250",
"wilgotnosc_wzgledna": "78.8",
"suma_opadu": "0",
"cisnienie": "1020.2"
},
{
"id_stacji": "12580",
"stacja": "Rzeszów",
"data_pomiaru": "2022-11-10",
"godzina_pomiaru": "10",
"temperatura": "10.1",
"predkosc_wiatru": "5",
"kierunek_wiatru": "250",
"wilgotnosc_wzgledna": "84.9",
"suma_opadu": "0",
"cisnienie": "1023.6"
},
{
"id_stacji": "12585",
"stacja": "Sandomierz",
"data_pomiaru": "2022-11-10",
"godzina_pomiaru": "10",
"temperatura": "7.4",
"predkosc_wiatru": "2",
"kierunek_wiatru": "230",
"wilgotnosc_wzgledna": "99.3",
"suma_opadu": "0",
"cisnienie": "1023.1"
},
{
"id_stacji": "12385",
"stacja": "Siedlce",
"data_pomiaru": "2022-11-10",
"godzina_pomiaru": "10",
"temperatura": "8.6",
"predkosc_wiatru": "3",
"kierunek_wiatru": "260",
"wilgotnosc_wzgledna": "96.0",
"suma_opadu": "0",
"cisnienie": "1020.7"
},
{
"id_stacji": "12310",
"stacja": "Słubice",
"data_pomiaru": "2022-11-10",
"godzina_pomiaru": "10",
"temperatura": "13.1",
"predkosc_wiatru": "4",
"kierunek_wiatru": "260",
"wilgotnosc_wzgledna": "71.8",
"suma_opadu": "2.6",
"cisnienie": "1023"
},
{
"id_stacji": "12469",
"stacja": "Sulejów",
"data_pomiaru": "2022-11-10",
"godzina_pomiaru": "10",
"temperatura": "10.1",
"predkosc_wiatru": "4",
"kierunek_wiatru": "250",
"wilgotnosc_wzgledna": "92.8",
"suma_opadu": "1.3",
"cisnienie": "1022.6"
},
{
"id_stacji": "12195",
"stacja": "Suwałki",
"data_pomiaru": "2022-11-10",
"godzina_pomiaru": "10",
"temperatura": "8.7",
"predkosc_wiatru": "3",
"kierunek_wiatru": "230",
"wilgotnosc_wzgledna": "96.6",
"suma_opadu": "1.6",
"cisnienie": "1017.4"
},
{
"id_stacji": "12205",
"stacja": "Szczecin",
"data_pomiaru": "2022-11-10",
"godzina_pomiaru": "10",
"temperatura": "12",
"predkosc_wiatru": "4",
"kierunek_wiatru": "250",
"wilgotnosc_wzgledna": "76.8",
"suma_opadu": "0.2",
"cisnienie": "1021.1"
},
{
"id_stacji": "12215",
"stacja": "Szczecinek",
"data_pomiaru": "2022-11-10",
"godzina_pomiaru": "10",
"temperatura": "10.9",
"predkosc_wiatru": "4",
"kierunek_wiatru": "99",
"wilgotnosc_wzgledna": "82.6",
"suma_opadu": "0.3",
"cisnienie": "1019.9"
},
{
"id_stacji": "12510",
"stacja": "Śnieżka",
"data_pomiaru": "2022-11-10",
"godzina_pomiaru": "10",
"temperatura": "0.2",
"predkosc_wiatru": "15",
"kierunek_wiatru": "290",
"wilgotnosc_wzgledna": "100.0",
"suma_opadu": "3.9",
"cisnienie": null
},
{
"id_stacji": "12200",
"stacja": "Świnoujście",
"data_pomiaru": "2022-11-10",
"godzina_pomiaru": "10",
"temperatura": "12.2",
"predkosc_wiatru": "4",
"kierunek_wiatru": "240",
"wilgotnosc_wzgledna": "75.7",
"suma_opadu": "0.01",
"cisnienie": "1020.2"
},
{
"id_stacji": "12575",
"stacja": "Tarnów",
"data_pomiaru": "2022-11-10",
"godzina_pomiaru": "10",
"temperatura": "8.4",
"predkosc_wiatru": "1",
"kierunek_wiatru": "250",
"wilgotnosc_wzgledna": "96.0",
"suma_opadu": "0",
"cisnienie": "1024.5"
},
{
"id_stacji": "12399",
"stacja": "Terespol",
"data_pomiaru": "2022-11-10",
"godzina_pomiaru": "10",
"temperatura": "7.2",
"predkosc_wiatru": "2",
"kierunek_wiatru": "250",
"wilgotnosc_wzgledna": "97.9",
"suma_opadu": "0",
"cisnienie": "1020.6"
},
{
"id_stacji": "12250",
"stacja": "Toruń",
"data_pomiaru": "2022-11-10",
"godzina_pomiaru": "10",
"temperatura": "11.7",
"predkosc_wiatru": "4",
"kierunek_wiatru": "260",
"wilgotnosc_wzgledna": "77.8",
"suma_opadu": "0.1",
"cisnienie": "1020.3"
},
{
"id_stacji": "12115",
"stacja": "Ustka",
"data_pomiaru": "2022-11-10",
"godzina_pomiaru": "10",
"temperatura": "11.7",
"predkosc_wiatru": "8",
"kierunek_wiatru": "260",
"wilgotnosc_wzgledna": "88.6",
"suma_opadu": "0.4",
"cisnienie": "1017.9"
},
{
"id_stacji": "12375",
"stacja": "Warszawa",
"data_pomiaru": "2022-11-10",
"godzina_pomiaru": "10",
"temperatura": "10.4",
"predkosc_wiatru": "3",
"kierunek_wiatru": "250",
"wilgotnosc_wzgledna": "94.7",
"suma_opadu": "1.4",
"cisnienie": "1020.9"
},
{
"id_stacji": "12455",
"stacja": "Wieluń",
"data_pomiaru": "2022-11-10",
"godzina_pomiaru": "10",
"temperatura": "10.6",
"predkosc_wiatru": "4",
"kierunek_wiatru": "230",
"wilgotnosc_wzgledna": "86.7",
"suma_opadu": "1.5",
"cisnienie": "1023.4"
},
{
"id_stacji": "12497",
"stacja": "Włodawa",
"data_pomiaru": "2022-11-10",
"godzina_pomiaru": "10",
"temperatura": "7.8",
"predkosc_wiatru": "2",
"kierunek_wiatru": "260",
"wilgotnosc_wzgledna": "94.6",
"suma_opadu": "0",
"cisnienie": "1021.2"
},
{
"id_stacji": "12424",
"stacja": "Wrocław",
"data_pomiaru": "2022-11-10",
"godzina_pomiaru": "10",
"temperatura": "13.1",
"predkosc_wiatru": "7",
"kierunek_wiatru": "280",
"wilgotnosc_wzgledna": "76.9",
"suma_opadu": "1.8",
"cisnienie": "1024"
},
{
"id_stacji": "12625",
"stacja": "Zakopane",
"data_pomiaru": "2022-11-10",
"godzina_pomiaru": "10",
"temperatura": "6.7",
"predkosc_wiatru": "1",
"kierunek_wiatru": "250",
"wilgotnosc_wzgledna": "92.0",
"suma_opadu": "0",
"cisnienie": null
},
{
"id_stacji": "12595",
"stacja": "Zamość",
"data_pomiaru": "2022-11-10",
"godzina_pomiaru": "10",
"temperatura": "8.5",
"predkosc_wiatru": "5",
"kierunek_wiatru": "250",
"wilgotnosc_wzgledna": "87.1",
"suma_opadu": "0",
"cisnienie": "1022.3"
},
{
"id_stacji": "12400",
"stacja": "Zielona Góra",
"data_pomiaru": "2022-11-10",
"godzina_pomiaru": "10",
"temperatura": "11.8",
"predkosc_wiatru": "4",
"kierunek_wiatru": "270",
"wilgotnosc_wzgledna": "75.7",
"suma_opadu": "0.01",
"cisnienie": "1023.5"
}
]